Img_name,Size,Noise,Focus,Contrast,Sobel_time,Sobel_edges,Prewitt_2K_time,Prewitt_2K_edges,Prewitt_4K_time,Prewitt_4K_edges,Roberts_time,Roberts_edges,Laplacian Of Gaussian_time,Laplacian Of Gaussian_edges,Canny_time,Canny_edges,Hough-lines_time,Hough-lines_edges,Contours_time,Contours_edges
contour_test.png,250000,0.32365894425114416,23.98188270820821,0.6738746059974614,0.2039,7.827958766456553,0.5208,23.713013260331465,0.9763,24.69704410672662,0.1891,18.533597720529492,0.1435,8.177958472204661,0.5599,28.73536324283373,2.6067,28.694752965961392,4.6831,40.90935193551703
